{
  "$schema": "http://json-schema.org/draft-04/schema#",
  "type": "object",
  "properties": {
    "links": {
      "type": "array",
      "items": {
        "oneOf": [
          {
            "type": "object",
            "properties": {
              "name": { "type": "string" },
              "protocol": {"type": "string", "enum": ["modbus-tcp"]},
              "settings": {
                "type": "object",
                "properties": {
                  "ip": { "type": "string" },
                  "port": { "type": "integer" },
                  "timeoutMs": {"type": "integer" }
                },
                "required": ["ip","port"]
              }
            },
            "required": ["name", "protocol", "settings"]
          },
          {
            "type": "object",
            "properties": {
              "name": {"type": "string"},
              "protocol": {
                "type": "string",
                "enum": [ "modbus-rtu" ]
              },
              "settings": {
                "type": "object",
                "properties": {
                  "serialPort": {"type": "string"},
                  "baudRate": {"type": "integer", "minimum": 1, "maximum": 115200 },
                  "dataBits": {"type": "integer", "minimum": 4, "maximum": 8 },
                  "parity": { "type": "string", "enum": ["none", "odd", "even"]},
                  "stopBits": {"type": "number", "enum": [1, 1.5, 2] },
                  "timeoutMs": {"type": "integer" }
                },
                "required": ["serialPort", "baudRate"]
              }
            },
            "required": ["name", "protocol", "settings"]
          }
        ]
      }
    },
    "devices": {
      "type": "array",
      "items": {
        "type": "object",
        "properties": {
          "name": {
            "type": "string"
          },
          "link": {
            "type": "string"
          },
          "address": {
            "type": "string"
          },
          "unsupportedOperations": {
            "type": "array",
            "items": {
              "type": "integer",
              "enum": [ 1, 2, 3, 4, 5, 6, 15, 16 ]
            }
          }
        },
        "required": [
          "name",
          "link",
          "address"
        ]
      }
    },
    "api": {
      "type": "object",
      "properties": {
        "port": {
          "type": "integer",
          "minimum": 1,
          "maximum": 65535
        }
      }
    }
  },
  "required": [
    "devices"
  ]
}