{
  "$schema": "http://json-schema.org/draft-04/schema#",
  "type": "array",
  "items": {
    "type": "object",
    "properties": {
      "name": { "type": "string" },
      "device": { "type": "string" },
      "cache": {
        "oneOf": [
          {
            "type": "number",
            "minimum": 0
          },
          {
            "type": "string",
            "enum": ["infinity","inf"]
          }
        ]
      },
      "poll": {
        "oneOf": [
          {
            "type": "number",
            "minimum": 0
          },
          {
            "type": "string",
            "enum": ["infinity","inf"]
          }
        ]
      },
      "properties": {
        "type": "array",
        "items": {
          "type": "object",
          "properties": {
            "name": { "type": "string" },
            "address": {
                  "type": "string"
            },
            "type": { "type": "string", "enum": ["numeric", "bool", "num", "boolean", "number"] },
            "raw": { "type": "string", "enum": ["int16", "uint16", "int32", "uint32", "float32", "bcd16", "bool"] }
          },
          "required": ["address", "name" ]
        }
      }
    },
    "required": ["name", "device", "properties"]
  }
}